Time,Cracked,Attempts
5.3656229972839355,1,0.0
6.91762375831604,0,6.0
