Time,Cracked,Attempts
3.878632068634033,1,0.0
3.8789310455322266,1,0.0
