Time,Cracked,Attempts
5.550493001937866,1,0.0
7.121031999588013,0,6.0
