Time,Cracked,Attempts
3.968742847442627,1,0.0
3.9691851139068604,1,0.0
