Time,Cracked,Attempts
2.0563321113586426,4,0.0
2.0569841861724854,4,0.0
