Time,Cracked,Attempts
4.545486211776733,4,0.0
5.657924175262451,0,6.0
