Time,Cracked,Attempts
4.742233991622925,4,0.0
6.665157079696655,0,6.0
