Time,Cracked,Attempts
2.26235294342041,4,0.0
2.2626688480377197,4,0.0
